feature,f_score,mi_score,rfe_rank,rfe_selected,f_rank,mi_rank,avg_rank
feature_2,836.7155449400789,0.2326341948610331,1,True,1.0,1.0,1.0
feature_1,309.4919530317483,0.1286322102872699,1,True,2.0,2.0,1.6666666666666667
feature_3,96.93680832514305,0.047274577153458175,1,True,3.0,3.0,2.3333333333333335
feature_6,0.6320074172069392,0.016268657783476748,1,True,5.0,5.0,3.6666666666666665
feature_8,0.03886236745749791,0.04292934385429081,1,True,6.0,4.0,3.6666666666666665
feature_4,0.6592051534159946,0.0,1,True,4.0,7.0,4.0
feature_7,0.023189760595970763,0.0,1,True,7.0,7.0,5.0
feature_5,0.02183655651688613,0.0,1,True,8.0,7.0,5.333333333333333
