feature,shapiro_statistic,shapiro_pvalue,shapiro_normal,jarque_bera_stat,jarque_bera_pvalue,jarque_bera_normal,anderson_statistic,skewness,kurtosis,interpretation
feature_1,0.9990739862977038,0.6640022847964422,True,1.109517954777663,0.5742106422676427,True,0.33888249002257,0.06621299958174097,-0.014684754747563478,Normal
feature_2,0.9989098055220325,0.505052236210628,True,2.3214351204451766,0.31326131635544135,True,0.19027055217611633,0.017490371358489323,0.1895239023608668,Normal
feature_3,0.9986788607721927,0.3188743747685795,True,2.6652917935275693,0.2637784067262934,True,0.42363260886486387,-0.05794845725380956,-0.17091686255034855,Normal
feature_4,0.8178745699127047,3.426671648052891e-38,False,2826.1278350113903,0.0,False,71.2903377931766,1.937165158054502,5.496145009173334,Highly Skewed
feature_5,0.9991734554724598,0.7609532801413486,True,1.6930698618355808,0.4288985231031972,True,0.26422907224878145,0.0564679700146057,-0.11972715330737493,Normal
feature_6,0.9987600079465164,0.377774817029272,True,1.6616125603267538,0.43569785012877416,True,0.29399460825061396,-0.010783668563365545,0.1616188446143889,Normal
feature_7,0.9113618552742878,1.0325913326006407e-28,False,603.6621323175772,8.249611566794862e-132,False,32.42848523799353,1.2427068260421996,1.8658277238570884,Highly Skewed
feature_8,0.9991051219463155,0.6947916498585425,True,0.45626019519146566,0.796020692720407,True,0.3185227526100789,0.020924398721022263,0.0744905448746227,Normal
target,0.9764985113578833,6.062168623573239e-15,False,159.12758110237925,2.791803223150184e-35,False,9.361011179633124,0.6237451485952676,0.9948915800495741,Non-Normal
