feature,vif,multicollinearity
feature_4,1.5023687587324839,Low
feature_7,1.4990696961118637,Low
feature_3,1.0082116584271783,Low
feature_2,1.0045055154064584,Low
feature_6,1.004457460165228,Low
feature_1,1.0044378261120885,Low
feature_5,1.002961714921657,Low
feature_8,1.0006887947130876,Low
